,node1,node2,link
0,2970,6696,1
1,4731,6631,1
2,4662,7027,1
3,7976,9532,1
4,2431,6567,1
5,86,2410,1
6,2431,2780,1
7,648,7655,1
8,8054,8483,1
9,4619,6645,1
10,73,9611,1
11,2647,7195,1
12,452,6246,1
13,479,7495,1
14,1767,3006,1
15,5367,8623,1
16,2078,9351,1
17,2357,3860,1
18,3122,7337,1
19,3153,8679,1
20,1001,9535,1
21,2078,2321,1
22,4460,7944,1
23,3889,5490,1
24,6118,9572,1
25,3121,3208,1
26,3775,6631,1
27,1876,1924,1
28,2774,8965,1
29,1674,5188,1
30,3602,7799,1
31,5485,7684,1
32,2900,7825,1
33,2347,6608,1
34,119,5224,1
35,2184,3007,1
36,9025,9395,1
37,7349,8175,1
38,4975,7835,1
39,6645,7169,1
40,3030,7363,1
41,5404,6301,1
42,6295,6862,1
43,7810,9025,1
44,1672,8184,1
45,4768,7267,1
46,4235,9620,1
47,5973,6984,1
48,119,4275,1
49,5896,7497,1
50,3206,9513,1
51,1057,7006,1
52,1173,5629,1
53,1979,4208,1
54,6134,6639,1
55,2494,2742,1
56,4331,7153,1
57,7169,8875,1
58,1611,7914,1
59,2177,2808,1
60,386,9887,1
61,7049,8148,1
62,7509,9130,1
63,597,1979,1
64,1876,9917,1
65,1095,7958,1
66,2273,8759,1
67,5188,8054,1
68,3712,6245,1
69,7252,9390,1
70,2330,4069,1
71,789,2078,1
72,848,962,1
73,5561,8775,1
74,7200,9395,1
75,42,3546,1
76,73,3572,1
77,1001,5310,1
78,6455,7281,1
79,1801,3712,1
80,975,6569,1
81,1460,4992,1
82,2471,3701,1
83,1629,3712,1
84,2170,6469,1
85,4447,8570,1
86,2836,8637,1
87,5629,7088,1
88,4193,9812,1
89,1228,7958,1
90,3887,6463,1
91,4077,6212,1
92,7090,7343,1
93,6872,8635,1
94,9338,9387,1
95,494,9572,1
96,1172,9051,1
97,73,8896,1
98,2559,8635,1
99,3177,7614,1
100,1265,8814,1
101,4240,9433,1
102,1343,5920,1
103,140,6134,1
104,2134,7462,1
105,4819,7750,1
106,433,7847,1
107,4772,7657,1
108,27,885,1
109,7123,7827,1
110,3218,9886,1
111,7354,9532,1
112,3252,7631,1
113,3099,7374,1
114,1617,3161,1
115,3672,6436,1
116,2475,8036,1
117,576,3701,1
118,2672,4084,1
119,2861,5315,1
120,3288,6301,1
121,2252,8394,1
122,2281,8058,1
123,2281,6301,1
124,2867,9834,1
125,2231,7027,1
126,73,6263,1
127,1017,6625,1
128,2078,6094,1
129,2078,5474,1
130,2078,7031,1
131,1358,9980,1
132,7090,8390,1
133,2308,2330,1
134,6825,7318,1
135,974,4565,1
136,837,7198,1
137,8546,9955,1
138,1900,6302,1
139,408,2635,1
140,92,141,1
141,3874,9301,1
142,2907,7865,1
143,1501,2885,1
144,3045,6472,1
145,7865,9395,1
146,2078,3028,1
147,1514,1698,1
148,2420,9677,1
149,7698,9588,1
150,5300,9919,1
151,5421,8244,1
152,2357,4572,1
153,3816,9049,1
154,3522,5950,1
155,3071,7177,1
156,4565,9051,1
157,3153,9555,1
158,8814,9737,1
159,7597,9203,1
160,6424,9980,1
161,3153,4752,1
162,975,1483,1
163,2078,6165,1
164,2159,4007,1
165,4687,5679,1
166,2701,6371,1
167,1591,7024,1
168,2078,8497,1
169,3603,3922,1
170,6790,7013,1
171,2816,3712,1
172,2182,9098,1
173,1234,8635,1
174,4515,6742,1
175,3546,7317,1
176,4459,4669,1
177,974,9459,1
178,335,8611,1
179,2347,3917,1
180,983,6576,1
181,6127,9051,1
182,1101,4993,1
183,2284,9051,1
184,73,7631,1
185,3700,9051,1
186,817,4370,1
187,6970,9364,1
188,61,6631,1
189,2809,9008,1
190,150,3027,1
191,5495,9006,1
192,2078,6854,1
193,7562,7807,1
194,7081,8563,1
195,2281,2729,1
196,3546,9006,1
197,2078,6483,1
198,2163,8357,1
199,308,1672,1
200,218,1632,1
201,7027,8968,1
202,7027,7438,1
203,2123,7354,1
204,7521,9640,1
205,4629,8933,1
206,862,7073,1
207,8009,8050,1
208,1063,3546,1
209,974,8576,1
210,7090,7195,1
211,4565,5907,1
212,494,2028,1
213,5817,9876,1
214,6756,7460,1
215,4828,9761,1
216,1906,5131,1
217,9529,9839,1
218,6149,6952,1
219,4173,5323,1
220,1786,2105,1
221,2442,4609,1
222,3479,6025,1
223,3887,7195,1
224,2894,9000,1
225,1173,9666,1
226,4174,5797,1
227,1751,4370,1
228,3712,6186,1
229,3153,4767,1
230,3469,7462,1
231,4741,8942,1
232,848,9955,1
233,5362,6425,1
234,7030,9051,1
235,7513,8121,1
236,4539,9760,1
237,5300,5634,1
238,934,9210,1
239,2375,8417,1
240,2160,3536,1
241,2984,9084,1
242,2281,5061,1
243,7452,9503,1
244,1805,9295,1
245,4143,9780,1
246,1923,4344,1
247,5495,9780,1
248,4638,8301,1
249,5606,7598,1
250,2231,8417,1
251,3851,9006,1
252,7825,9981,1
253,3922,5348,1
254,4786,9008,1
255,860,6793,1
256,4569,5953,1
257,2909,9041,1
258,5652,6084,1
259,5323,8449,1
260,3502,9025,1
261,1767,2431,1
262,2742,9212,1
263,3797,4445,1
264,7027,8896,1
265,2193,5629,1
266,4088,8778,1
267,2118,9395,1
268,4174,7603,1
269,3285,5629,1
270,4399,8357,1
271,5188,7542,1
272,4607,7442,1
273,5161,5629,1
274,8431,9346,1
275,4388,8635,1
276,6165,6627,1
277,2152,2450,1
278,3647,3874,1
279,7252,8507,1
280,974,6259,1
281,4087,5323,1
282,6507,8507,1
283,8515,9547,1
284,2431,9677,1
285,603,6843,1
286,3218,8834,1
287,7837,8054,1
288,1461,8317,1
289,6827,9812,1
290,5812,9008,1
291,5497,8318,1
292,4067,9051,1
293,3858,8365,1
294,7499,8136,1
295,6239,9295,1
296,1717,3922,1
297,7195,8357,1
298,73,4841,1
299,7958,9037,1
300,2078,7783,1
301,553,1723,1
302,3000,5315,1
303,4174,6872,1
304,4253,4661,1
305,3889,7233,1
306,2556,9839,1
307,2728,3491,1
308,3153,7976,1
309,1343,9182,1
310,2378,4844,1
311,1483,2684,1
312,494,6862,1
313,6025,7006,1
314,1164,7462,1
315,241,1532,1
316,6261,9415,1
317,5973,8365,1
318,746,1032,1
319,2461,9075,1
320,52,5496,1
321,4569,7513,1
322,1483,5061,1
323,2970,8225,1
324,3424,5124,1
325,2110,3978,1
326,8190,9358,1
327,1923,7228,1
328,3567,5300,1
329,3002,8909,1
330,3588,7027,1
331,2626,6630,1
332,4210,7738,1
333,3160,6229,1
334,8357,9572,1
335,5629,6173,1
336,937,6850,1
337,5130,9777,1
338,8529,9395,1
339,2139,3153,1
340,4085,8054,1
341,73,5872,1
342,5302,6746,1
343,73,5933,1
344,1443,6221,1
345,3128,8580,1
346,2078,5392,1
347,2888,7941,1
348,6796,9051,1
349,4398,5737,1
350,9049,9893,1
351,1923,5573,1
352,5748,8036,1
353,2603,3032,1
354,7852,8635,1
355,1032,8037,1
356,2158,5584,1
357,2328,7897,1
358,3106,5629,1
359,6229,9075,1
360,1095,5536,1
361,94,5323,1
362,848,5061,1
363,1021,9127,1
364,930,6165,1
365,1853,1936,1
366,7284,9707,1
367,1282,6957,1
368,2276,9098,1
369,360,2425,1
370,5323,7865,1
371,4482,8172,1
372,2054,6711,1
373,3712,6005,1
374,179,3565,1
375,6574,6940,1
376,1611,3549,1
377,1706,1853,1
378,5318,9210,1
379,7317,8585,1
380,1030,7414,1
381,1085,2055,1
382,2001,2078,1
383,974,1393,1
384,1089,9803,1
385,4757,8097,1
386,5694,7491,1
387,1445,8691,1
388,2458,9780,1
389,1593,6763,1
390,6156,6575,1
391,4210,7203,1
392,1924,4698,1
393,2702,8318,1
394,2078,4572,1
395,3761,7241,1
396,3093,3352,1
397,6631,8702,1
398,3059,7976,1
399,24,3712,1
400,7708,8823,1
401,6952,8507,1
402,3306,9553,1
403,6229,9315,1
404,4712,5061,1
405,754,9395,1
406,2054,3194,1
407,5812,6631,1
408,3789,4333,1
409,1511,8357,1
410,7507,9195,1
411,7027,8050,1
412,440,1085,1
413,1762,7027,1
414,3678,7543,1
415,3816,6086,1
416,7035,7799,1
417,5300,7003,1
418,2442,2669,1
419,5982,6186,1
420,2421,4966,1
421,3701,7267,1
422,1894,4593,1
423,2375,3370,1
424,2635,4333,1
425,7516,8561,1
426,3637,7971,1
427,2387,6790,1
428,3712,8263,1
429,1238,7104,1
430,2243,4430,1
431,973,6212,1
432,960,7213,1
433,5973,6218,1
434,1213,3789,1
435,73,3620,1
436,3685,7654,1
437,7958,9803,1
438,898,1089,1
439,2556,4757,1
440,1486,7276,1
441,4005,5044,1
442,7090,8820,1
443,596,4302,1
444,1987,6083,1
445,2561,2872,1
446,3994,7507,1
447,2431,4362,1
448,7027,7486,1
449,4311,5513,1
450,508,7528,1
451,1853,8529,1
452,7589,9051,1
453,1164,6677,1
454,1272,4343,1
455,7027,9035,1
456,119,7339,1
457,5744,8054,1
458,1925,4853,1
459,2078,6902,1
460,5964,6631,1
461,2475,5017,1
462,2300,2573,1
463,5813,6711,1
464,73,6064,1
465,1731,4001,1
466,107,5953,1
467,3911,6940,1
468,9633,9852,1
469,2431,7044,1
470,7428,9044,1
471,3756,5315,1
472,3491,7518,1
473,2653,9633,1
474,4579,6600,1
475,3200,8757,1
476,6025,7291,1
477,3712,9434,1
478,736,6005,1
479,3251,8772,1
480,2706,3084,1
481,2901,4032,1
482,6173,7013,1
483,2300,2653,1
484,735,4174,1
485,6625,7195,1
486,7027,8448,1
487,5673,8229,1
488,491,1095,1
489,3698,7598,1
490,159,298,1
491,1990,9051,1
492,3961,6083,1
493,1340,3401,1
494,2610,4275,1
495,8721,9051,1
496,219,5009,1
497,1095,6631,1
498,848,7598,1
499,4189,7027,1
500,7837,8753,1
501,902,7027,1
502,2864,5673,1
503,8692,9858,1
504,1783,7105,1
505,159,8903,1
506,5629,5965,1
507,4350,4929,1
508,679,1924,1
509,6298,9051,1
510,1979,9532,1
511,1923,7863,1
512,7449,8356,1
513,3537,5366,1
514,8836,8933,1
515,9705,9921,1
516,1770,8770,1
517,8549,9051,1
518,73,6452,1
519,5836,9958,1
520,2349,9395,1
521,4108,6629,1
522,3851,6230,1
523,9051,9206,1
524,6940,9593,1
525,4202,4860,1
526,6921,8465,1
527,1951,2806,1
528,5506,5538,1
529,378,6486,1
530,1735,6631,1
531,1461,7721,1
532,7027,8720,1
533,5044,6981,1
534,5680,6631,1
535,5866,9848,1
536,1851,7146,1
537,3039,7810,1
538,913,1640,1
539,6709,7075,1
540,2309,6094,1
541,538,1030,1
542,3297,3961,1
543,451,3990,1
544,5629,8571,1
545,3161,5002,1
546,7237,7721,1
547,4174,7835,1
548,1691,4757,1
549,7261,8416,1
550,38,5506,1
551,8326,9913,1
552,1114,9780,1
553,383,3887,1
554,974,8351,1
555,159,6183,1
556,710,6218,1
557,5074,9053,1
558,4674,7123,1
559,2284,6117,1
560,5629,7126,1
561,2915,4210,1
562,5161,8088,1
563,3873,7976,1
564,3950,6218,1
565,440,5725,1
566,3712,9075,1
567,3938,7805,1
568,3712,8969,1
569,1295,7249,1
570,2347,8843,1
571,2263,6486,1
572,144,2281,1
573,1241,4157,1
574,5158,6064,1
575,337,4393,1
576,1295,7710,1
577,4235,9553,1
578,6712,6763,1
579,2635,6854,1
580,4236,7181,1
581,2611,8951,1
582,4638,5848,1
583,2458,9051,1
584,4174,9766,1
585,314,4275,1
586,6631,8515,1
587,3676,5622,1
588,1979,5737,1
589,3639,8580,1
590,2898,6742,1
591,7562,8000,1
592,6344,8085,1
593,3797,4528,1
594,5896,7562,1
595,3288,6261,1
596,1877,7195,1
597,2672,4210,1
598,2281,4658,1
599,4067,6083,1
600,164,5751,1
601,7181,7269,1
602,751,3131,1
603,2314,2607,1
604,2435,7442,1
605,3712,7292,1
606,2118,3922,1
607,119,2410,1
608,9049,9240,1
609,929,3534,1
610,3749,5547,1
611,3160,3712,1
612,956,3200,1
613,592,5465,1
614,3546,8611,1
615,2182,2431,1
616,7357,9352,1
617,3837,9074,1
618,1501,2078,1
619,972,7462,1
620,1990,5427,1
621,4734,5362,1
622,7825,7837,1
623,6289,9395,1
624,3288,9766,1
625,746,7211,1
626,5984,9633,1
627,5063,5419,1
628,5629,7825,1
629,73,8128,1
630,7292,9666,1
631,7104,8023,1
632,4376,9239,1
633,3860,5142,1
634,4884,9368,1
635,1767,9812,1
636,5629,6359,1
637,2780,7947,1
638,2456,4184,1
639,651,9051,1
640,3153,7825,1
641,3625,8274,1
642,1173,1877,1
643,1979,5573,1
644,2281,3508,1
645,3922,8157,1
646,4411,6592,1
647,1282,7339,1
648,1032,9434,1
649,182,7195,1
650,494,7810,1
651,8933,9891,1
652,1672,3153,1
653,308,5896,1
654,2907,2995,1
655,493,9008,1
656,1295,3271,1
657,7128,9395,1
658,893,2589,1
659,6128,8989,1
660,2905,6084,1
661,5907,7847,1
662,3335,6843,1
663,4189,4235,1
664,73,9769,1
665,3153,7810,1
666,3416,6165,1
667,3352,7899,1
668,946,1164,1
669,3445,7027,1
670,7491,9834,1
671,2667,4793,1
672,2078,3865,1
673,8351,9051,1
674,8458,9087,1
675,2028,5323,1
676,2167,8327,1
677,4513,7825,1
678,5362,6389,1
679,2475,7976,1
680,1630,4154,1
681,36,9051,1
682,2176,6183,1
683,3466,8357,1
684,6639,7027,1
685,2420,3122,1
686,3375,6751,1
687,4838,7469,1
688,6498,8357,1
689,2516,8635,1
690,1075,2025,1
691,1089,7307,1
692,814,5859,1
693,7177,9006,1
694,4242,9780,1
695,4494,5070,1
696,2397,5800,1
697,5069,6940,1
698,3839,7598,1
699,2078,4683,1
700,3502,4174,1
701,2690,9132,1
702,3546,6486,1
703,4866,7508,1
704,3596,6303,1
705,5626,6751,1
706,2054,7317,1
707,3887,5149,1
708,2635,3904,1
709,1228,1525,1
710,3451,4174,1
711,2761,9039,1
712,297,3597,1
713,8274,9395,1
714,5085,6289,1
715,7195,7832,1
716,2597,8000,1
717,1737,6301,1
718,3006,9539,1
719,1317,6696,1
720,6177,9051,1
721,8569,9022,1
722,3064,5309,1
723,1482,3297,1
724,661,4468,1
725,2255,9245,1
726,963,6189,1
727,6836,8364,1
728,2442,2907,1
729,2700,6631,1
730,7027,9248,1
731,899,1841,1
732,6631,8804,1
733,2907,9201,1
734,6073,8784,1
735,2431,8831,1
736,308,2285,1
737,2431,5547,1
738,2078,3801,1
739,6902,6907,1
740,6631,7138,1
741,3397,3625,1
742,4855,6645,1
743,1913,4324,1
744,8345,8729,1
745,494,631,1
746,2134,9412,1
747,1853,6957,1
748,2803,3602,1
749,3625,8580,1
750,2500,5629,1
751,751,1032,1
752,2803,4956,1
753,450,6980,1
754,73,9501,1
755,2483,5990,1
756,3378,5765,1
757,3036,7123,1
758,4892,8617,1
759,9491,9532,1
760,73,2590,1
761,2883,3031,1
762,2805,8862,1
763,5210,7508,1
764,1205,9645,1
765,75,4757,1
766,83,5629,1
767,3510,3607,1
768,2498,7825,1
769,73,6327,1
770,4411,7079,1
771,2219,3153,1
772,1730,7027,1
773,2352,4841,1
774,5629,9622,1
775,1309,4370,1
776,3030,8357,1
777,4206,6790,1
778,4101,9239,1
779,358,4076,1
780,4757,5586,1
781,1923,9039,1
782,949,2847,1
783,363,7714,1
784,560,2078,1
785,8055,9587,1
786,326,5072,1
787,6301,6825,1
788,2704,6301,1
789,494,5903,1
790,2035,4185,1
791,1092,8336,1
792,3625,5536,1
793,2904,9633,1
794,1566,7195,1
795,5017,7006,1
796,4447,7351,1
797,5162,7027,1
798,2431,9889,1
799,73,2835,1
800,6498,8576,1
801,311,925,1
802,6301,9025,1
803,4021,9780,1
804,4333,7499,1
805,4741,9409,1
806,7003,7825,1
807,493,1621,1
808,3922,5533,1
809,7622,7956,1
810,6464,7600,1
811,5838,7491,1
812,1617,2078,1
813,2672,8635,1
814,1607,3592,1
815,2690,6954,1
816,2078,4934,1
817,4539,7267,1
818,1349,7491,1
819,2896,5742,1
820,452,1821,1
821,7740,9981,1
822,7075,7798,1
823,5874,6052,1
824,2638,7177,1
825,8753,9384,1
826,621,1501,1
827,2551,5629,1
828,1876,5634,1
829,4393,6117,1
830,1418,7513,1
831,2984,5274,1
832,1689,2558,1
833,1032,5752,1
834,6569,9611,1
835,893,2275,1
836,6108,9144,1
837,3712,5743,1
838,2357,4847,1
839,5366,8440,1
840,197,7105,1
841,2512,9087,1
842,2930,4426,1
843,1164,4001,1
844,4319,6452,1
845,2635,4769,1
846,88,2080,1
847,3874,6388,1
848,2912,3522,1
849,1206,8141,1
850,7389,8515,1
851,8177,9015,1
852,5431,5629,1
853,6645,8260,1
854,2751,9395,1
855,6751,8360,1
856,4174,7778,1
857,3007,7027,1
858,6645,7435,1
859,2834,7270,1
860,9472,9666,1
861,5502,9907,1
862,94,8136,1
863,4975,5748,1
864,7339,8775,1
865,467,5629,1
866,1286,3961,1
867,1295,6326,1
868,2078,8329,1
869,2431,3890,1
870,2167,4578,1
871,1125,8163,1
872,2155,8507,1
873,2281,2856,1
874,4130,4989,1
875,5786,7027,1
876,3961,6149,1
877,974,9434,1
878,6436,7027,1
879,360,4094,1
880,974,5080,1
881,2907,3042,1
882,308,4417,1
883,2840,3712,1
884,4539,9240,1
885,3724,6302,1
886,2054,7203,1
887,4370,8515,1
888,401,2442,1
889,3744,6470,1
890,3508,7738,1
891,9051,9539,1
892,2979,3712,1
893,8097,8933,1
894,5300,6872,1
895,3918,8252,1
896,7710,9447,1
897,4158,4993,1
898,1295,5730,1
899,2504,9553,1
900,2861,5300,1
901,3187,8172,1
902,2872,4847,1
903,981,9008,1
904,3712,5775,1
905,7562,8275,1
906,3868,8635,1
907,7027,8945,1
908,727,3712,1
909,7600,9051,1
910,910,7503,1
911,1095,6604,1
912,2979,7128,1
913,6041,8036,1
914,1526,8231,1
915,1525,8292,1
916,5497,7027,1
917,983,6006,1
918,3370,5954,1
919,6870,8054,1
920,5361,7562,1
921,1407,7553,1
922,4797,5264,1
923,988,3977,1
924,5799,7027,1
925,3712,6107,1
926,7798,8547,1
927,4032,6935,1
928,3922,5536,1
929,2883,4744,1
930,3603,9373,1
931,2078,5817,1
932,1526,6705,1
933,1723,6264,1
934,3491,5175,1
935,3914,5260,1
936,5430,6413,1
937,3753,8609,1
938,1655,7750,1
939,1126,3016,1
940,1397,5917,1
941,974,4619,1
942,264,6189,1
943,3874,4945,1
944,2078,2090,1
945,6134,6165,1
946,1212,6739,1
947,14,7825,1
948,3086,4937,1
949,2653,9862,1
950,4174,8375,1
951,2282,8927,1
952,2078,7749,1
953,3153,5841,1
954,2176,5933,1
955,2176,7960,1
956,3886,7074,1
957,5629,7455,1
958,3922,9907,1
959,1785,7437,1
960,7292,9049,1
961,1154,3887,1
962,2178,9051,1
963,73,6786,1
964,2491,5737,1
965,3031,4565,1
966,3059,6229,1
967,2252,4419,1
968,9051,9839,1
969,3491,4091,1
970,5235,7969,1
971,3187,5061,1
972,2816,9051,1
973,4963,5497,1
974,494,6872,1
975,3637,3747,1
976,2078,2483,1
977,4193,4698,1
978,540,2420,1
979,73,4679,1
980,904,2635,1
981,73,3649,1
982,2937,5921,1
983,3712,7740,1
984,3491,5183,1
985,2451,7442,1
986,2425,8061,1
987,2096,3510,1
988,3118,5836,1
989,2431,4035,1
990,848,5744,1
991,8927,9051,1
992,4847,9744,1
993,144,2925,1
994,78,7195,1
995,3483,7195,1
996,3851,7006,1
997,905,2281,1
998,509,9051,1
999,3637,3994,1
1000,7177,7237,1
1001,1783,3045,1
1002,5647,9129,1
1003,166,1632,1
1004,1331,8958,1
1005,2774,6301,1
1006,6334,7825,1
1007,1459,2319,1
1008,4578,5270,1
1009,1030,5547,1
1010,2635,7567,1
1011,3165,9051,1
1012,6850,8814,1
1013,2281,9747,1
1014,2669,9814,1
1015,6631,7671,1
1016,5615,9051,1
1017,3789,8753,1
1018,285,5300,1
1019,557,7133,1
1020,6344,7374,1
1021,3757,4202,1
1022,5315,7446,1
1023,981,8753,1
1024,3712,9248,1
1025,5503,6229,1
1026,3922,4618,1
1027,1949,2056,1
1028,5526,6154,1
1029,230,4756,1
1030,4850,9547,1
1031,1607,1990,1
1032,432,2836,1
1033,571,9888,1
1034,1164,9875,1
1035,3712,5570,1
1036,3700,7958,1
1037,1095,7979,1
1038,4405,9891,1
1039,2431,2702,1
1040,1023,9023,1
1041,2035,9039,1
1042,5562,7442,1
1043,7991,9553,1
1044,618,1164,1
1045,8489,8814,1
1046,1656,7562,1
1047,3205,5506,1
1048,6498,9499,1
1049,3059,7625,1
1050,395,1282,1
1051,3788,7050,1
1052,1080,7195,1
1053,2078,6793,1
1054,7394,7781,1
1055,2303,7354,1
1056,3801,9051,1
1057,159,7195,1
1058,4212,5584,1
1059,7825,9239,1
1060,6424,8174,1
1061,1144,3712,1
1062,73,2544,1
1063,4411,8551,1
1064,2684,7684,1
1065,8020,9086,1
1066,8081,9902,1
1067,7292,9051,1
1068,6486,7710,1
1069,1130,4565,1
1070,73,4734,1
1071,4494,9015,1
1072,2755,9936,1
1073,5109,7567,1
1074,7780,8925,1
1075,2804,3712,1
1076,1358,3363,1
1077,823,2410,1
1078,2078,8322,1
1079,3252,5506,1
1080,1876,5895,1
1081,1780,3228,1
1082,6984,7775,1
1083,2397,6015,1
1084,4883,9395,1
1085,2184,3546,1
1086,3929,6790,1
1087,4578,6186,1
1088,4128,4370,1
1089,2281,9051,1
1090,113,2521,1
1091,8611,9008,1
1092,5910,9799,1
1093,3712,6033,1
1094,2704,7555,1
1095,953,6469,1
1096,295,4128,1
1097,9036,9955,1
1098,937,1017,1
1099,8753,9404,1
1100,2907,9639,1
1101,2125,4128,1
1102,571,4256,1
1103,5761,9771,1
1104,3922,5395,1
1105,2504,3351,1
1106,1486,6541,1
1107,545,8420,1
1108,5323,6827,1
1109,3414,3712,1
1110,4761,6790,1
1111,8356,9352,1
1112,2447,7513,1
1113,709,5631,1
1114,4128,6053,1
1115,1852,2425,1
1116,2347,4134,1
1117,1767,6455,1
1118,2938,7177,1
1119,7027,9425,1
1120,2561,9780,1
1121,1676,3665,1
1122,1483,3942,1
1123,2558,5629,1
1124,1443,7195,1
1125,7027,8549,1
1126,2045,3308,1
1127,4333,5107,1
1128,7771,8093,1
1129,4333,7777,1
1130,1464,2561,1
1131,4030,6326,1
1132,239,6850,1
1133,2317,8458,1
1134,647,5197,1
1135,73,8960,1
1136,1951,8416,1
1137,1965,2328,1
1138,6149,7166,1
1139,321,2078,1
1140,6386,8288,1
1141,1085,5790,1
1142,6057,6714,1
1143,6797,9572,1
1144,6631,8465,1
1145,2177,4772,1
1146,5061,7339,1
1147,1686,5506,1
1148,8390,8635,1
1149,2714,9051,1
1150,368,6261,1
1151,2516,3226,1
1152,7297,9633,1
1153,4780,5051,1
1154,6280,7328,1
1155,2201,3508,1
1156,3153,7233,1
1157,6647,9705,1
1158,1085,6134,1
1159,1841,7938,1
1160,6205,6705,1
1161,3922,9159,1
1162,3288,3940,1
1163,2078,7286,1
1164,1490,7847,1
1165,6763,8635,1
1166,1030,4001,1
1167,332,5310,1
1168,3990,4974,1
1169,6479,6608,1
1170,5629,9278,1
1171,7460,7553,1
1172,1751,9006,1
1173,6797,7878,1
1174,3823,6760,1
1175,2556,7486,1
1176,10,1407,1
1177,42,5338,1
1178,4382,5362,1
1179,9447,9912,1
1180,7562,9947,1
1181,6377,7027,1
1182,1297,5323,1
1183,9051,9190,1
1184,2171,3922,1
1185,6135,7513,1
1186,1559,9936,1
1187,4447,8820,1
1188,2420,3463,1
1189,1089,1092,1
1190,974,2458,1
1191,1059,8836,1
1192,1122,6631,1
1193,5805,7006,1
1194,4174,4493,1
1195,6052,9694,1
1196,2352,8985,1
1197,2536,7652,1
1198,5567,7547,1
1199,3236,7027,1
1200,937,9936,1
1201,4290,9678,1
1202,2169,7721,1
1203,5461,6491,1
1204,4609,8586,1
1205,4328,5420,1
1206,3922,6720,1
1207,1205,2911,1
1208,4158,9984,1
1209,2096,8192,1
1210,1095,3208,1
1211,2014,5338,1
1212,1736,4603,1
1213,3016,9008,1
1214,1640,3466,1
1215,2816,4001,1
1216,733,2078,1
1217,4542,5833,1
1218,6280,7777,1
1219,1544,1923,1
1220,3712,8448,1
1221,7126,7598,1
1222,473,685,1
1223,5506,7932,1
1224,73,893,1
1225,8530,8622,1
1226,2506,3792,1
1227,1965,5111,1
1228,430,1280,1
1229,6686,7104,1
1230,4565,4638,1
1231,2530,8759,1
1232,3830,7499,1
1233,1579,3922,1
1234,5935,8357,1
1235,710,2273,1
1236,1655,9181,1
1237,953,1407,1
1238,2281,8808,1
1239,3508,8441,1
1240,2281,8172,1
1241,2635,5085,1
1242,740,2137,1
1243,9553,9721,1
1244,7976,9006,1
1245,8834,9065,1
1246,1654,5917,1
1247,2431,9075,1
1248,5725,6571,1
1249,4772,7006,1
1250,8993,9181,1
1251,1032,7712,1
1252,6242,9677,1
1253,378,7897,1
1254,7006,7923,1
1255,7292,7447,1
1256,5300,7707,1
1257,393,8379,1
1258,6645,8767,1
1259,3031,9688,1
1260,3153,6712,1
1261,2255,3300,1
1262,3712,6525,1
1263,6866,7721,1
1264,7317,7528,1
1265,5187,7712,1
1266,8180,9395,1
1267,9361,9434,1
1268,740,2475,1
1269,2780,6229,1
1270,1464,3712,1
1271,88,6787,1
1272,1851,6400,1
1273,902,5725,1
1274,3496,9239,1
1275,1578,9678,1
1276,2176,6570,1
1277,1536,5832,1
1278,4937,5199,1
1279,3658,9532,1
1280,21,1315,1
1281,159,7775,1
1282,5062,7018,1
1283,831,7431,1
1284,1815,5323,1
1285,3536,9633,1
1286,974,2447,1
1287,2319,2720,1
1288,1297,7825,1
1289,159,1418,1
1290,2078,4963,1
1291,3006,5449,1
1292,2152,6772,1
1293,2442,8341,1
1294,3491,9706,1
1295,6645,9222,1
1296,5796,9780,1
1297,2078,4817,1
1298,1501,5161,1
1299,1282,3572,1
1300,3712,8442,1
1301,6052,7195,1
1302,388,2078,1
1303,94,8679,1
1304,3153,6486,1
1305,618,2121,1
1306,6263,7442,1
1307,8093,8190,1
1308,694,1837,1
1309,5865,8847,1
1310,205,2078,1
1311,2420,3703,1
1312,3922,5475,1
1313,1331,7530,1
1314,3943,7317,1
1315,6528,8613,1
1316,3625,5991,1
1317,3361,6843,1
1318,1526,7403,1
1319,2597,7027,1
1320,2177,7027,1
1321,823,4165,1
1322,3637,9620,1
1323,5258,6280,1
1324,4675,6631,1
1325,4128,8679,1
1326,736,5300,1
1327,6797,9553,1
1328,6059,9306,1
1329,6538,8637,1
1330,8794,9920,1
1331,101,2270,1
1332,6017,9727,1
1333,452,6666,1
1334,352,1075,1
1335,7976,9227,1
1336,1979,3016,1
1337,2194,4894,1
1338,6124,7597,1
1339,6229,8518,1
1340,899,9727,1
1341,3416,9248,1
1342,3113,5561,1
1343,5107,8157,1
1344,4130,6624,1
1345,2078,3390,1
1346,2118,9947,1
1347,3942,4370,1
1348,3039,7104,1
1349,2349,3990,1
1350,741,4847,1
1351,2471,9051,1
1352,56,1900,1
1353,2078,9063,1
1354,2402,2436,1
1355,3546,7860,1
1356,7769,9719,1
1357,73,8131,1
1358,1164,5431,1
1359,2594,6546,1
1360,2653,5208,1
1361,2909,5823,1
1362,73,4675,1
1363,904,1841,1
1364,492,3822,1
1365,753,7145,1
1366,3890,7027,1
1367,6127,9008,1
1368,3521,5234,1
1369,1030,3351,1
1370,2635,5634,1
1371,2810,5615,1
1372,1797,7797,1
1373,409,4772,1
1374,1151,9201,1
1375,10,6229,1
1376,5861,5933,1
1377,4158,6386,1
1378,3016,4946,1
1379,3427,3712,1
1380,4698,9239,1
1381,8219,9051,1
1382,2791,8847,1
1383,3384,7211,1
1384,2872,6057,1
1385,2896,5000,1
1386,1594,7993,1
1387,3999,7027,1
1388,857,3747,1
1389,1526,6491,1
1390,1865,5629,1
1391,3031,4734,1
1392,746,2178,1
1393,3890,7969,1
1394,120,937,1
1395,6541,9006,1
1396,3491,8529,1
1397,1725,2078,1
1398,4235,7859,1
1399,9237,9532,1
1400,2330,6394,1
1401,5547,9051,1
1402,2300,2390,1
1403,4539,6121,1
1404,8551,9051,1
1405,94,7473,1
1406,2420,5096,1
1407,3712,9359,1
1408,2439,8054,1
1409,6473,8312,1
1410,6528,9955,1
1411,2431,7027,1
1412,8192,8735,1
1413,2816,5837,1
1414,2810,8581,1
1415,1233,4088,1
1416,4210,5567,1
1417,3712,8723,1
1418,2318,7027,1
1419,1511,6059,1
1420,1084,5649,1
1421,6133,8195,1
1422,2909,9221,1
1423,1164,1584,1
1424,6693,7777,1
1425,1638,2810,1
1426,5694,8357,1
1427,4806,5712,1
1428,346,1445,1
1429,73,440,1
1430,119,8440,1
1431,2365,6746,1
1432,6345,8549,1
1433,2328,2706,1
1434,937,940,1
1435,3712,9529,1
1436,3031,3800,1
1437,3922,7754,1
1438,1164,8726,1
1439,2635,3789,1
1440,73,2001,1
1441,1607,5187,1
1442,2402,2420,1
1443,1195,2706,1
1444,8001,9051,1
1445,1405,3355,1
1446,3837,6616,1
1447,5173,6843,1
1448,2284,7712,1
1449,2669,8361,1
1450,3028,7291,1
1451,1949,6751,1
1452,1815,2121,1
1453,1075,5326,1
1454,1611,8440,1
1455,7839,9862,1
1456,4210,5615,1
1457,1321,2319,1
1458,2281,3076,1
1459,5673,9713,1
1460,2635,9092,1
1461,5629,7031,1
1462,3572,7027,1
1463,1884,8576,1
1464,915,9780,1
1465,7865,7922,1
1466,1343,3252,1
1467,425,3712,1
1468,4128,7584,1
1469,73,2286,1
1470,2282,3474,1
1471,1526,4726,1
1472,3757,9074,1
1473,5673,6952,1
1474,6763,7783,1
1475,538,3153,1
1476,2069,2209,1
1477,1877,5617,1
1478,35,5300,1
1479,937,5771,1
1480,9129,9722,1
1481,2635,4341,1
1482,4382,5688,1
1483,480,7740,1
1484,2635,6583,1
1485,3250,6746,1
1486,5730,9079,1
1487,4454,7833,1
1488,5107,6641,1
1489,3911,7321,1
1490,4609,8783,1
1491,1443,4134,1
1492,218,2347,1
1493,332,3658,1
1494,6691,7123,1
1495,2444,7947,1
1496,4158,5591,1
1497,6399,9981,1
1498,493,6610,1
1499,1544,2282,1
1500,5479,6952,1
1501,1607,7600,1
1502,5629,6136,1
1503,5210,8803,1
1504,4705,9144,1
1505,2358,6083,1
1506,5584,7435,1
1507,7133,8328,1
1508,2504,8375,1
1509,7201,8190,1
1510,7717,8054,1
1511,2431,5469,1
1512,3166,7431,1
1513,5584,9373,1
1514,1659,4161,1
1515,3135,6850,1
1516,3999,6631,1
1517,4174,7852,1
1518,2102,9590,1
1519,4478,7027,1
1520,1611,4730,1
1521,7196,9239,1
1522,1739,7859,1
1523,4032,4337,1
1524,134,4569,1
1525,7075,8931,1
1526,5310,5903,1
1527,9586,9676,1
1528,7153,9239,1
1529,2996,7162,1
1530,6686,9940,1
1531,1295,6799,1
1532,557,6833,1
1533,450,2330,1
1534,4852,6041,1
1535,7191,9015,1
1536,691,8318,1
1537,6025,6879,1
1538,105,968,1
1539,3734,8054,1
1540,1501,2483,1
1541,2350,9051,1
1542,119,9447,1
1543,5348,7697,1
1544,2056,2635,1
1545,5464,7027,1
1546,2810,6815,1
1547,5258,5384,1
1548,2808,7491,1
1549,4107,9545,1
1550,4208,9705,1
1551,7003,7177,1
1552,2611,7027,1
1553,354,1949,1
1554,10,915,1
1555,5694,7081,1
1556,6301,9412,1
1557,2653,3534,1
1558,73,6042,1
1559,7777,8487,1
1560,3518,6569,1
1561,4323,8958,1
1562,8337,8635,1
1563,7413,8753,1
1564,184,9183,1
1565,6134,8969,1
1566,2299,8177,1
1567,3552,5188,1
1568,1258,1358,1
1569,5694,9547,1
1570,73,4772,1
1571,650,3762,1
1572,7611,8390,1
1573,3873,5629,1
1574,3712,4494,1
1575,591,7090,1
1576,642,9331,1
1577,40,3712,1
1578,494,8122,1
1579,1895,6631,1
1580,7749,8585,1
1581,5361,7171,1
1582,2728,5188,1
1583,3785,6843,1
1584,1721,8854,1
1585,3153,3868,1
1586,1918,4228,1
1587,3508,8172,1
1588,6742,7080,1
1589,2984,3796,1
1590,1084,6005,1
1591,6541,7491,1
1592,2349,4698,1
1593,2360,8635,1
1594,235,2347,1
1595,7395,7976,1
1596,3031,8486,1
1597,5506,6470,1
1598,6011,6479,1
1599,493,4751,1
1600,848,2635,1
1601,430,6731,1
1602,5629,8886,1
1603,6428,7211,1
1604,901,5362,1
1605,5825,7027,1
1606,4174,6914,1
1607,7339,9722,1
1608,1459,2431,1
1609,857,9780,1
1610,3131,7195,1
1611,6746,8772,1
1612,2159,4368,1
1613,1615,9051,1
1614,3160,8357,1
1615,73,356,1
1616,4013,7664,1
1617,2804,4128,1
1618,5080,7006,1
1619,1358,4220,1
1620,1751,5817,1
1621,2635,3032,1
1622,159,9721,1
1623,5300,9539,1
1624,8275,8541,1
1625,639,7849,1
1626,3491,7837,1
1627,5629,9456,1
1628,3620,9777,1
1629,493,9635,1
1630,1599,9051,1
1631,5429,6528,1
1632,144,9633,1
1633,3890,6229,1
1634,2472,6094,1
1635,6084,7415,1
1636,2078,9567,1
1637,5187,6372,1
1638,2275,2426,1
1639,6631,9143,1
1640,6134,6271,1
1641,5506,7726,1
1642,1811,8232,1
1643,1737,8360,1
1644,3816,9893,1
1645,2919,6206,1
1646,73,3776,1
1647,1483,3518,1
1648,3583,8962,1
1649,2504,9572,1
1650,9552,9748,1
1651,1297,4517,1
1652,2347,3436,1
1653,4964,6631,1
1654,554,9870,1
1655,3418,8241,1
1656,3108,8549,1
1657,5212,5506,1
1658,8754,9051,1
1659,6843,7845,1
1660,5743,7027,1
1661,1113,2431,1
1662,1407,7770,1
1663,964,2078,1
1664,232,6308,1
1665,2672,6854,1
1666,2494,7631,1
1667,5323,9181,1
1668,4818,9721,1
1669,1979,6165,1
1670,2025,5194,1
1671,1677,2035,1
1672,1075,5921,1
1673,7845,7859,1
1674,5314,5727,1
1675,1095,8354,1
1676,1619,2281,1
1677,3617,8054,1
1678,1051,5362,1
1679,1526,4203,1
1680,4638,8742,1
1681,3761,7780,1
1682,2078,3218,1
1683,5310,6700,1
1684,2410,6430,1
1685,3922,9156,1
1686,3786,6760,1
1687,3829,7317,1
1688,3676,5629,1
1689,8729,9820,1
1690,5464,5506,1
1691,3378,4219,1
1692,6600,9638,1
1693,3153,3414,1
1694,3514,7485,1
1695,2547,5629,1
1696,5265,8396,1
1697,798,9752,1
1698,2712,5796,1
1699,5985,7195,1
1700,6990,8244,1
1701,8360,9181,1
1702,2281,4067,1
1703,706,9737,1
1704,1677,6134,1
1705,6037,6602,1
1706,3734,5188,1
1707,2231,4539,1
1708,1441,5506,1
1709,3508,5725,1
1710,2431,6574,1
1711,3153,4333,1
1712,1412,7213,1
1713,3637,6714,1
1714,2816,7598,1
1715,2816,3922,1
1716,119,7195,1
1717,2431,5497,1
1718,4528,7080,1
1719,6633,9051,1
1720,2349,6301,1
1721,7252,9187,1
1722,3712,8613,1
1723,4399,9639,1
1724,8416,8497,1
1725,4529,9051,1
1726,4180,8576,1
1727,1561,5634,1
1728,5573,9008,1
1729,4333,7562,1
1730,5115,9417,1
1731,618,4698,1
1732,1483,9906,1
1733,4528,8681,1
1734,6641,9159,1
1735,6189,6317,1
1736,1559,9051,1
1737,1586,1853,1
1738,2755,6797,1
1739,4397,8337,1
1740,2491,5954,1
1741,6295,6526,1
1742,7213,8261,1
1743,5314,8257,1
1744,1881,6575,1
1745,3028,3637,1
1746,5430,8093,1
1747,2410,6538,1
1748,509,1095,1
1749,5921,8317,1
1750,3169,5917,1
1751,3830,8054,1
1752,823,2780,1
1753,3712,9297,1
1754,2952,5629,1
1755,1532,9876,1
1756,953,2844,1
1757,709,3491,1
1758,2808,7470,1
1759,1923,6452,1
1760,4633,6645,1
1761,73,3711,1
1762,9051,9961,1
1763,905,9594,1
1764,1946,8358,1
1765,5061,7923,1
1766,4333,7490,1
1767,2706,7567,1
1768,7195,8843,1
1769,4796,6686,1
1770,6005,6486,1
1771,480,2635,1
1772,7267,8997,1
1773,2702,4101,1
1774,73,1124,1
1775,2281,9766,1
1776,5629,5910,1
1777,7007,9780,1
1778,6645,8787,1
1779,974,7137,1
1780,2431,4540,1
1781,2442,9834,1
1782,3007,3306,1
1783,5107,8136,1
1784,5314,8866,1
1785,6165,9008,1
1786,973,4447,1
1787,5283,5506,1
1788,5777,8591,0
1789,7852,3657,0
1790,4093,4410,0
1791,490,4001,0
1792,7170,119,0
1793,7267,9869,0
1794,1630,3054,0
1795,7384,8109,0
1796,7972,5784,0
1797,362,3658,0
1798,4687,3537,0
1799,9789,9309,0
1800,2560,4457,0
1801,9138,1611,0
1802,6263,6542,0
1803,7094,1490,0
1804,573,1388,0
1805,2357,2560,0
1806,3772,376,0
1807,5495,500,0
1808,7976,4769,0
1809,2089,8121,0
1810,4096,6049,0
1811,5600,4757,0
1812,5730,7799,0
1813,9888,661,0
1814,2163,5582,0
1815,2639,3957,0
1816,6934,6347,0
1817,8363,9596,0
1818,7826,899,0
1819,8131,7956,0
1820,1686,7683,0
1821,9061,1651,0
1822,3851,2110,0
1823,9876,7546,0
1824,539,3613,0
1825,5561,3980,0
1826,3762,4292,0
1827,9254,2856,0
1828,2146,6678,0
1829,7947,8912,0
1830,4020,8370,0
1831,4379,2247,0
1832,4377,1614,0
1833,2669,4917,0
1834,5080,9839,0
1835,7267,8717,0
1836,8047,427,0
1837,9041,7136,0
1838,3732,9605,0
1839,5062,4362,0
1840,1973,9406,0
1841,7004,5937,0
1842,6866,5365,0
1843,7591,9289,0
1844,194,9572,0
1845,1241,1973,0
1846,9921,3731,0
1847,3264,2034,0
1848,4757,8094,0
1849,3188,4890,0
1850,508,8863,0
1851,1367,6801,0
1852,7548,9303,0
1853,539,1186,0
1854,6867,6866,0
1855,297,4015,0
1856,2284,4548,0
1857,2285,6187,0
1858,3779,7866,0
1859,4059,9783,0
1860,2544,2856,0
1861,8841,3237,0
1862,909,5119,0
1863,6209,9523,0
1864,3815,5806,0
1865,905,9492,0
1866,6389,7789,0
1867,452,6295,0
1868,9892,8746,0
1869,9375,6536,0
1870,8410,2391,0
1871,5658,3007,0
1872,2264,2973,0
1873,6752,9301,0
1874,5656,5191,0
1875,2090,8496,0
1876,5340,5458,0
1877,7402,7407,0
1878,3328,8922,0
1879,5000,5485,0
1880,5302,1908,0
1881,6119,1771,0
1882,952,3094,0
1883,1580,4978,0
1884,5614,4753,0
1885,9487,4346,0
1886,8232,7251,0
1887,478,957,0
1888,3910,2266,0
1889,8081,4934,0
1890,1295,5024,0
1891,49,9689,0
1892,2075,2539,0
1893,8471,8223,0
1894,7034,2706,0
1895,4096,3087,0
1896,3493,366,0
1897,4552,1192,0
1898,7060,4101,0
1899,1287,4753,0
1900,3791,8847,0
1901,4707,612,0
1902,1295,5363,0
1903,772,4344,0
1904,6903,906,0
1905,2216,6393,0
1906,4086,6431,0
1907,7414,2255,0
1908,7079,8100,0
1909,2375,4539,0
1910,214,6997,0
1911,3144,8695,0
1912,6778,1746,0
1913,2684,8095,0
1914,8617,5978,0
1915,693,2858,0
1916,950,7281,0
1917,6223,8876,0
1918,8301,3053,0
1919,3904,653,0
1920,4953,2612,0
1921,8754,2158,0
1922,4133,8791,0
1923,2604,2264,0
1924,9817,3842,0
1925,1453,7165,0
1926,3314,5145,0
1927,9059,8635,0
1928,1258,3061,0
1929,1124,4775,0
1930,9324,6639,0
1931,4382,6796,0
1932,6293,2044,0
1933,7696,9470,0
1934,1038,2854,0
1935,8959,9033,0
1936,8643,1954,0
1937,6812,1541,0
1938,3137,1775,0
1939,2641,4609,0
1940,3458,5017,0
1941,4351,6558,0
1942,2971,7096,0
1943,194,7863,0
1944,7711,5689,0
1945,3492,3206,0
1946,443,5271,0
1947,5588,7754,0
1948,9147,7611,0
1949,2618,7663,0
1950,3378,634,0
1951,9642,26,0
1952,3160,1580,0
1953,7156,7607,0
1954,8489,2837,0
1955,3099,5426,0
1956,4602,5383,0
1957,5924,6088,0
1958,5513,357,0
1959,2178,69,0
1960,8565,7373,0
1961,2751,4680,0
1962,4037,9066,0
1963,7891,1831,0
1964,8928,1591,0
1965,2608,5421,0
1966,1552,8743,0
1967,8538,5933,0
1968,3655,9576,0
1969,9972,4818,0
1970,4693,4346,0
1971,235,1722,0
1972,5757,2942,0
1973,4237,4134,0
1974,6156,1966,0
1975,5944,5426,0
1976,6878,3210,0
1977,7349,2835,0
1978,3749,2696,0
1979,4758,2096,0
1980,8823,9817,0
1981,7557,4458,0
1982,3201,8218,0
1983,6268,532,0
1984,8182,3119,0
1985,6784,1015,0
1986,3099,9693,0
1987,6604,8489,0
1988,4825,3195,0
1989,647,4378,0
1990,6171,8989,0
1991,8380,9247,0
1992,2471,9284,0
1993,6154,5672,0
1994,5994,340,0
1995,9380,5738,0
1996,2770,5785,0
1997,4916,8715,0
1998,8224,6045,0
1999,9389,7328,0
2000,953,9767,0
2001,5050,5484,0
2002,3921,2043,0
2003,5658,6311,0
2004,651,5131,0
2005,3084,9325,0
2006,2919,4663,0
2007,8683,8442,0
2008,8626,8317,0
2009,8859,2010,0
2010,448,4635,0
2011,7516,4641,0
2012,7428,8345,0
2013,288,5441,0
2014,1348,8968,0
2015,5733,7592,0
2016,2605,5885,0
2017,8590,9644,0
2018,9101,2669,0
2019,6604,3071,0
2020,3951,2118,0
2021,7053,6139,0
2022,4519,9434,0
2023,3505,5157,0
2024,7420,3741,0
2025,6903,7908,0
2026,5439,4569,0
2027,2491,8290,0
2028,8512,7829,0
2029,3602,4973,0
2030,680,8332,0
2031,3985,9957,0
2032,7969,1945,0
2033,2909,6991,0
2034,6141,5270,0
2035,7422,5731,0
2036,2650,3945,0
2037,6150,7096,0
2038,5907,6035,0
2039,6169,1179,0
2040,2611,9487,0
2041,1738,7838,0
2042,9696,573,0
2043,5439,9588,0
2044,7067,6427,0
2045,5194,8241,0
2046,1709,273,0
2047,2761,7030,0
2048,871,3583,0
2049,2743,7629,0
2050,6550,8449,0
2051,4769,2041,0
2052,4249,9219,0
2053,6749,7854,0
2054,6141,8950,0
2055,7832,3509,0
2056,7253,3055,0
2057,3961,5781,0
2058,7987,3849,0
2059,9531,3620,0
2060,5142,7467,0
2061,5398,3370,0
2062,7103,7352,0
2063,8522,8682,0
2064,4356,7595,0
2065,6977,3237,0
2066,885,364,0
2067,6749,357,0
2068,5062,7174,0
2069,968,6272,0
2070,1309,9453,0
2071,7490,5860,0
2072,5843,1207,0
2073,2261,2241,0
2074,484,1039,0
2075,2404,8333,0
2076,8133,8237,0
2077,6740,8589,0
2078,4974,8993,0
2079,7131,5618,0
2080,4427,8146,0
2081,1378,4548,0
2082,7629,8377,0
2083,1032,823,0
2084,86,198,0
2085,8454,7956,0
2086,584,9717,0
2087,5419,1761,0
2088,8623,3246,0
2089,2861,1166,0
2090,7300,7502,0
2091,9702,8942,0
2092,6369,2601,0
2093,7252,3940,0
2094,8796,7895,0
2095,7782,9650,0
2096,7591,2266,0
2097,5765,9306,0
2098,7319,9503,0
2099,7553,4197,0
2100,2049,9486,0
2101,6258,1315,0
2102,1448,5732,0
2103,4633,9220,0
2104,6296,6181,0
2105,387,3298,0
2106,651,3111,0
2107,1213,9516,0
2108,179,546,0
2109,775,5929,0
2110,8635,3440,0
2111,1679,3922,0
2112,6786,2368,0
2113,6655,3775,0
2114,4343,1777,0
2115,1992,6702,0
2116,8452,6455,0
2117,1942,1556,0
2118,377,7924,0
2119,6714,993,0
2120,6464,7499,0
2121,7083,9620,0
2122,7634,414,0
2123,9358,8944,0
2124,3724,1261,0
2125,3159,5052,0
2126,6105,9004,0
2127,9209,6835,0
2128,592,1388,0
2129,5439,5161,0
2130,2390,4292,0
2131,8455,4883,0
2132,4903,8209,0
2133,8178,868,0
2134,1092,8679,0
2135,6368,2429,0
2136,5244,3687,0
2137,9080,4023,0
2138,4893,8862,0
2139,9018,9061,0
2140,7186,9592,0
2141,1307,4197,0
2142,7614,6183,0
2143,7389,8329,0
2144,8230,4353,0
2145,3353,6187,0
2146,1828,6453,0
2147,9018,2746,0
2148,5087,6059,0
2149,75,9634,0
2150,4844,8971,0
2151,2904,667,0
2152,9130,6502,0
2153,2801,5034,0
2154,949,2654,0
2155,2187,7124,0
2156,8208,3094,0
2157,8655,3595,0
2158,3531,2284,0
2159,1968,7963,0
2160,1471,3550,0
2161,5004,9338,0
2162,3674,8431,0
2163,6360,7611,0
2164,5634,3236,0
2165,1989,973,0
2166,4903,361,0
2167,9605,9212,0
2168,3679,4017,0
2169,3575,7960,0
2170,8679,6629,0
2171,3938,6094,0
2172,6954,6495,0
2173,8355,6763,0
2174,2863,321,0
2175,7846,8605,0
2176,9528,7499,0
2177,4124,8154,0
2178,5923,25,0
2179,4413,4142,0
2180,1075,6037,0
2181,5978,57,0
2182,4478,5020,0
2183,1152,8336,0
2184,8706,3957,0
2185,5220,9578,0
2186,4965,8261,0
2187,8045,4621,0
2188,6461,1318,0
2189,905,387,0
2190,685,5123,0
2191,9819,1166,0
2192,6775,3571,0
2193,232,3139,0
2194,3780,3854,0
2195,2013,3153,0
2196,3910,7929,0
2197,7954,6537,0
2198,3105,8959,0
2199,4508,5582,0
2200,7438,4724,0
2201,8630,4594,0
2202,1208,7135,0
2203,968,6558,0
2204,9130,5135,0
2205,2998,1917,0
2206,9162,7255,0
2207,8245,1615,0
2208,7001,3711,0
2209,166,733,0
2210,4989,1670,0
2211,7882,1948,0
2212,7050,9909,0
2213,9267,5971,0
2214,158,5649,0
2215,512,5793,0
2216,4796,1609,0
2217,8087,3877,0
2218,4409,9789,0
2219,1893,2578,0
2220,5902,1006,0
2221,9008,6735,0
2222,2100,2429,0
2223,2096,4602,0
2224,4170,8742,0
2225,1851,9351,0
2226,412,3913,0
2227,6313,7553,0
2228,7843,2141,0
2229,4773,7137,0
2230,2857,7437,0
2231,9758,8386,0
2232,43,8105,0
2233,1403,458,0
2234,4069,7079,0
2235,4443,2566,0
2236,8482,5332,0
2237,7564,4512,0
2238,1955,3554,0
2239,3958,596,0
2240,8803,8225,0
2241,8024,192,0
2242,4888,1,0
2243,5419,6393,0
2244,6788,9906,0
2245,6022,1437,0
2246,8472,7255,0
2247,2935,2919,0
2248,895,9479,0
2249,1505,896,0
2250,3090,8773,0
2251,5249,7255,0
2252,8880,6164,0
2253,806,6818,0
2254,2898,4401,0
2255,6580,9321,0
2256,3925,5899,0
2257,7959,5335,0
2258,6372,1858,0
2259,2975,9959,0
2260,9909,5797,0
2261,4397,6624,0
2262,6638,8770,0
2263,429,7115,0
2264,7259,3665,0
2265,515,8037,0
2266,9722,4428,0
2267,4287,1579,0
2268,8396,8835,0
2269,4575,9489,0
2270,421,4315,0
2271,7113,7334,0
2272,6253,6929,0
2273,5833,8226,0
2274,4125,2041,0
2275,3784,5865,0
2276,695,2103,0
2277,9987,4321,0
2278,4571,3162,0
2279,952,1996,0
2280,1398,8034,0
2281,5954,6633,0
2282,7714,6558,0
2283,6117,4847,0
2284,3106,2703,0
2285,3368,8762,0
2286,3361,5891,0
2287,2560,4800,0
2288,6736,9698,0
2289,2728,3747,0
2290,7496,110,0
2291,2960,2095,0
2292,6324,4609,0
2293,7431,1586,0
2294,1298,1691,0
2295,8185,693,0
2296,6855,9104,0
2297,7641,6617,0
2298,2122,2110,0
2299,1476,3002,0
2300,9476,3424,0
2301,9769,285,0
2302,957,8845,0
2303,3978,4120,0
2304,597,3220,0
2305,6739,3235,0
2306,423,9603,0
2307,6484,5496,0
2308,1576,1969,0
2309,3414,1852,0
2310,7086,5325,0
2311,7788,7641,0
2312,7182,6745,0
2313,4052,98,0
2314,5712,4955,0
2315,577,7109,0
2316,3360,1589,0
2317,8065,9030,0
2318,4253,1973,0
2319,484,1007,0
2320,742,6542,0
2321,7612,6632,0
2322,409,5496,0
2323,4239,6478,0
2324,574,3380,0
2325,5238,4942,0
2326,5178,282,0
2327,3159,5203,0
2328,4190,2589,0
2329,8471,6949,0
2330,4934,5997,0
2331,6849,4962,0
2332,2009,4976,0
2333,9524,6700,0
2334,6712,1713,0
2335,3384,3243,0
2336,4557,8429,0
2337,4679,9214,0
2338,5736,1057,0
2339,7145,4683,0
2340,4233,9912,0
2341,9692,3517,0
2342,5389,1699,0
2343,8273,3355,0
2344,6417,9841,0
2345,3637,2507,0
2346,1639,7198,0
2347,9822,9657,0
2348,5446,3910,0
2349,4190,1059,0
2350,3971,5627,0
2351,9057,7622,0
2352,1631,7569,0
2353,5714,3801,0
2354,3538,2733,0
2355,4184,5522,0
2356,4795,4566,0
2357,4515,561,0
2358,6028,4256,0
2359,8075,6280,0
2360,1032,3165,0
2361,8671,6533,0
2362,5059,3549,0
2363,4711,7923,0
2364,2129,41,0
2365,3272,105,0
2366,706,2198,0
2367,6958,3623,0
2368,9602,4736,0
2369,3417,1081,0
2370,1511,3124,0
2371,2942,4966,0
2372,4797,7165,0
2373,6806,6549,0
2374,1892,1166,0
2375,9976,342,0
2376,5247,9652,0
2377,1126,7696,0
2378,3072,2247,0
2379,6741,4819,0
2380,652,6040,0
2381,9760,5194,0
2382,345,9524,0
2383,2118,6163,0
2384,97,6988,0
2385,3454,5725,0
2386,4310,1226,0
2387,4235,5672,0
2388,2114,1033,0
2389,6714,12,0
2390,3502,9864,0
2391,5450,1017,0
2392,2307,610,0
2393,6627,9385,0
2394,1664,7771,0
2395,2317,3845,0
2396,8883,6760,0
2397,1441,7015,0
2398,2761,4268,0
2399,9526,3760,0
2400,1182,3707,0
2401,9904,1561,0
2402,8774,5052,0
2403,7403,104,0
2404,9151,7273,0
2405,2696,828,0
2406,2317,4302,0
2407,9124,760,0
2408,7067,4571,0
2409,8182,3420,0
2410,409,3322,0
2411,5710,6190,0
2412,4295,7096,0
2413,949,4439,0
2414,9358,8489,0
2415,771,2799,0
2416,9197,8497,0
2417,2370,7657,0
2418,7256,5946,0
2419,7627,8950,0
2420,5310,7315,0
2421,5218,7165,0
2422,1960,7137,0
2423,2144,6777,0
2424,8646,8453,0
2425,247,966,0
2426,1785,5951,0
2427,9998,5978,0
2428,8162,7882,0
2429,6938,7203,0
2430,5905,2004,0
2431,6077,457,0
2432,841,1245,0
2433,871,548,0
2434,3554,5142,0
2435,5978,1506,0
2436,4154,7929,0
2437,6022,8778,0
2438,3349,7109,0
2439,7301,5109,0
2440,9718,2510,0
2441,4130,4318,0
2442,1559,5650,0
2443,5420,7302,0
2444,7441,6172,0
2445,7295,5545,0
2446,7691,6247,0
2447,6805,9063,0
2448,5933,8971,0
2449,4233,3955,0
2450,2729,1045,0
2451,1430,8661,0
2452,6268,9334,0
2453,6973,2447,0
2454,8626,545,0
2455,7625,8685,0
2456,933,7500,0
2457,3544,7423,0
2458,775,6013,0
2459,4846,7912,0
2460,9237,6705,0
2461,9445,9379,0
2462,8785,5474,0
2463,8185,4415,0
2464,3266,493,0
2465,3632,1706,0
2466,7618,4300,0
2467,3121,8593,0
2468,7389,1126,0
2469,7189,6172,0
2470,7082,9596,0
2471,7952,502,0
2472,9947,3124,0
2473,7387,4037,0
2474,3632,2836,0
2475,2993,9614,0
2476,4387,3654,0
2477,3791,3635,0
2478,3147,1574,0
2479,6690,9797,0
2480,4677,2894,0
2481,491,1774,0
2482,2402,3237,0
2483,6627,5486,0
2484,1293,7044,0
2485,4797,182,0
2486,5897,7473,0
2487,9465,7573,0
2488,6669,5736,0
2489,3531,4215,0
2490,311,7368,0
2491,7500,8989,0
2492,8084,8114,0
2493,2125,7924,0
2494,7655,3650,0
2495,1079,377,0
2496,7235,7127,0
2497,8323,6595,0
2498,9308,2387,0
2499,7721,7867,0
2500,8166,8589,0
2501,8269,7143,0
2502,5813,612,0
2503,9395,7360,0
2504,6846,7227,0
2505,5783,9780,0
2506,6425,7348,0
2507,1312,1795,0
2508,8023,7646,0
2509,8146,9306,0
2510,8511,6291,0
2511,7189,7491,0
2512,545,224,0
2513,7170,8426,0
2514,6013,9007,0
2515,9818,6296,0
2516,6740,7392,0
2517,6112,1179,0
2518,7128,9244,0
2519,4149,2851,0
2520,4382,7101,0
2521,4419,9910,0
2522,6740,1853,0
2523,9426,567,0
2524,491,31,0
2525,5096,950,0
2526,3154,4708,0
2527,9582,8394,0
2528,885,8329,0
2529,4581,8969,0
2530,9608,308,0
2531,2876,6708,0
2532,8958,5534,0
2533,1652,5276,0
2534,8779,8638,0
2535,9766,6417,0
2536,8081,7142,0
2537,7698,8593,0
2538,4481,8845,0
2539,7073,9225,0
2540,6752,4005,0
2541,8668,2707,0
2542,114,58,0
2543,9068,7318,0
2544,3518,532,0
2545,6539,107,0
2546,9512,8672,0
2547,8812,9154,0
2548,5842,7859,0
2549,7733,2107,0
2550,651,3390,0
2551,5923,1366,0
2552,605,7854,0
2553,5318,2152,0
2554,3893,6183,0
2555,3751,7968,0
2556,3684,3735,0
2557,5840,5743,0
2558,5614,7784,0
2559,4508,2719,0
2560,7881,9968,0
2561,4419,8224,0
2562,3113,388,0
2563,1652,1348,0
2564,2995,789,0
2565,8437,220,0
2566,7532,4317,0
2567,5220,3513,0
2568,5032,1548,0
2569,8208,7229,0
2570,9532,6446,0
2571,5265,4262,0
2572,904,3165,0
2573,9819,8204,0
2574,5432,6920,0
2575,4052,9983,0
2576,5591,6666,0
2577,9562,1559,0
2578,8529,2300,0
2579,4074,44,0
2580,4523,8098,0
2581,1501,5774,0
2582,2094,4369,0
2583,5264,2973,0
2584,6082,4759,0
2585,5965,3087,0
2586,8743,9290,0
2587,7344,6096,0
2588,6157,1856,0
2589,4203,7504,0
2590,6736,4180,0
2591,9487,2655,0
2592,3069,5710,0
2593,5543,5488,0
2594,4494,6566,0
2595,7770,5486,0
2596,3293,6963,0
2597,9868,4332,0
2598,5024,320,0
2599,3309,1315,0
2600,9787,5273,0
2601,938,3620,0
2602,8609,2431,0
2603,7389,4060,0
2604,2985,3010,0
2605,7384,7654,0
2606,430,4100,0
2607,9465,7978,0
2608,5096,6346,0
2609,3669,4962,0
2610,9846,6528,0
2611,8078,150,0
2612,9068,3471,0
2613,8551,4707,0
2614,4828,9633,0
2615,3099,6389,0
2616,9817,8152,0
2617,333,4236,0
2618,8876,9352,0
2619,2156,3139,0
2620,3633,6855,0
2621,52,1706,0
2622,776,2361,0
2623,9758,9392,0
2624,7030,752,0
2625,7015,3010,0
2626,4087,9769,0
2627,7317,8873,0
2628,4434,2091,0
2629,4165,305,0
2630,4795,4715,0
2631,872,7726,0
2632,5816,607,0
2633,2494,3305,0
2634,9805,2138,0
2635,7671,7592,0
2636,953,7276,0
2637,2277,5460,0
2638,6050,576,0
2639,984,4929,0
2640,8724,5044,0
2641,5454,129,0
2642,5657,3031,0
2643,9020,5708,0
2644,2120,5832,0
2645,7121,2828,0
2646,6274,9319,0
2647,7381,7446,0
2648,8516,9644,0
2649,4083,4993,0
2650,9991,7060,0
2651,5929,4167,0
2652,7787,7143,0
2653,1013,7232,0
2654,6467,2450,0
2655,3571,3700,0
2656,9107,3517,0
2657,2391,3091,0
2658,3988,7659,0
2659,934,7174,0
2660,9320,4724,0
2661,8715,9635,0
2662,5174,6455,0
2663,9716,5497,0
2664,3073,3836,0
2665,4351,394,0
2666,2122,8529,0
2667,2881,9402,0
2668,4161,2967,0
2669,3415,5628,0
2670,2796,6722,0
2671,6548,906,0
2672,838,9850,0
2673,8174,1502,0
2674,8927,7273,0
2675,5408,5801,0
2676,3900,532,0
2677,1409,8929,0
2678,7448,2464,0
2679,6831,2365,0
2680,4872,5962,0
2681,4337,3410,0
2682,7121,2302,0
2683,4437,8764,0
2684,855,573,0
2685,9506,5520,0
2686,9872,6431,0
2687,9747,4768,0
2688,4365,7974,0
2689,5300,2625,0
2690,9286,6217,0
2691,4138,5678,0
2692,1139,9512,0
2693,7428,8290,0
2694,972,5862,0
2695,9475,1130,0
2696,1992,9104,0
2697,5443,5680,0
2698,4244,2039,0
2699,2094,7392,0
2700,8096,4814,0
2701,6771,2159,0
2702,9907,3148,0
2703,7053,5058,0
2704,9581,1582,0
2705,2930,4985,0
2706,7448,9989,0
2707,1652,3206,0
2708,2328,5227,0
2709,4189,833,0
2710,5571,5815,0
2711,8694,3994,0
2712,3597,9744,0
2713,4309,4055,0
2714,8333,448,0
2715,6581,757,0
2716,3456,3017,0
2717,296,9032,0
2718,8786,1034,0
2719,5370,7948,0
2720,5713,9606,0
2721,219,8321,0
2722,5451,8133,0
2723,4833,5730,0
2724,1351,4652,0
2725,8596,8708,0
2726,4839,3731,0
2727,5190,6651,0
2728,2542,4650,0
2729,2736,2655,0
2730,3706,2005,0
2731,9227,8073,0
2732,3762,9668,0
2733,7462,3509,0
2734,7120,8041,0
2735,8551,2243,0
2736,4245,3454,0
2737,7303,7273,0
2738,7810,667,0
2739,9305,4674,0
2740,736,4539,0
2741,9199,5818,0
2742,3237,1091,0
2743,915,8068,0
2744,7562,4748,0
2745,7847,1155,0
2746,3219,3200,0
2747,3260,6071,0
2748,8753,7530,0
2749,8262,8606,0
2750,2469,7986,0
2751,9438,1067,0
2752,7784,3310,0
2753,3767,8835,0
2754,853,9696,0
2755,6525,5063,0
2756,4165,9118,0
2757,9729,2423,0
2758,1125,5139,0
2759,9901,4677,0
2760,8275,1519,0
2761,8236,3094,0
2762,7521,4989,0
2763,3324,6705,0
2764,3436,9959,0
2765,6156,5295,0
2766,6077,6541,0
2767,5309,6522,0
2768,9159,5302,0
2769,9227,1204,0
2770,8726,4800,0
2771,5050,7833,0
2772,8148,6568,0
2773,1432,3124,0
2774,3358,2598,0
2775,2669,695,0
2776,7578,133,0
2777,7984,4120,0
2778,7764,3497,0
2779,1429,8196,0
2780,9487,6902,0
2781,9839,4267,0
2782,7999,3237,0
2783,952,1689,0
2784,6226,7690,0
2785,5513,482,0
2786,6758,3595,0
2787,3483,3309,0
2788,1672,4848,0
2789,1676,1525,0
2790,4143,5213,0
2791,5322,708,0
2792,1619,2771,0
2793,1833,1665,0
2794,7171,2319,0
2795,8385,7520,0
2796,3507,8017,0
2797,3772,9668,0
2798,9486,5828,0
2799,8144,7881,0
2800,9964,2653,0
2801,9124,1041,0
2802,4893,3079,0
2803,1980,8333,0
2804,8364,8357,0
2805,746,1268,0
2806,2540,4819,0
2807,4203,498,0
2808,7299,8995,0
2809,2164,8576,0
2810,1997,1053,0
2811,9399,7305,0
2812,5443,3913,0
2813,9759,4607,0
2814,7792,4144,0
2815,1371,3650,0
2816,8197,2273,0
2817,7745,20,0
2818,2123,8714,0
2819,9582,686,0
2820,7536,5122,0
2821,1978,2323,0
2822,7621,4350,0
2823,7427,7641,0
2824,6359,1445,0
2825,2079,3623,0
2826,4539,5389,0
2827,7007,218,0
2828,3963,6592,0
2829,8020,4064,0
2830,577,7654,0
2831,6064,2729,0
2832,9497,2097,0
2833,414,9878,0
2834,2360,1778,0
2835,7663,2500,0
2836,3756,1205,0
2837,1815,2197,0
2838,5172,8774,0
2839,8232,9400,0
2840,9077,9278,0
2841,1000,4964,0
2842,2577,9352,0
2843,9254,4170,0
2844,6573,2942,0
2845,6775,6487,0
2846,3502,7385,0
2847,3551,9206,0
2848,5689,324,0
2849,8636,8189,0
2850,9782,1264,0
2851,621,9350,0
2852,1725,6981,0
2853,7679,7661,0
2854,8540,129,0
2855,5361,4523,0
2856,9076,9079,0
2857,2935,3386,0
2858,5270,3058,0
2859,5906,4814,0
2860,3099,4674,0
2861,5749,9952,0
2862,1092,8131,0
2863,6650,9984,0
2864,4392,4574,0
2865,2801,301,0
2866,269,553,0
2867,6368,5430,0
2868,3678,3604,0
2869,5846,7295,0
2870,9076,2750,0
2871,4462,2545,0
2872,4890,8985,0
2873,9702,1903,0
2874,3272,8183,0
2875,4891,9940,0
2876,6107,7074,0
2877,5930,2602,0
2878,5648,4453,0
2879,905,8518,0
2880,4770,7160,0
2881,5451,8219,0
2882,7147,1785,0
2883,9907,9050,0
2884,5227,6756,0
2885,159,9959,0
2886,7004,2067,0
2887,8487,3000,0
2888,1038,8426,0
2889,7183,1193,0
2890,9426,5688,0
2891,5041,8656,0
2892,3433,8576,0
2893,3531,4648,0
2894,6071,3940,0
2895,2043,7592,0
2896,3751,2591,0
2897,5044,7748,0
2898,5822,5801,0
2899,4898,6836,0
2900,125,8057,0
2901,8991,25,0
2902,4567,8774,0
2903,2433,8391,0
2904,4103,665,0
2905,1856,4021,0
2906,9858,5161,0
2907,6044,5761,0
2908,8535,6787,0
2909,9999,741,0
2910,6378,1683,0
2911,2610,9425,0
2912,4191,6399,0
2913,7011,5476,0
2914,9168,8152,0
2915,3751,5213,0
2916,8712,8101,0
2917,2308,1686,0
2918,6469,3674,0
2919,206,1322,0
2920,7668,5140,0
2921,6252,2314,0
2922,9904,9555,0
2923,5965,7854,0
2924,3360,3596,0
2925,2594,4753,0
2926,7653,6168,0
2927,8330,6342,0
2928,8244,8940,0
2929,431,5762,0
2930,4543,9688,0
2931,9389,9564,0
2932,1429,8430,0
2933,3597,4420,0
2934,3496,3434,0
2935,2206,8404,0
2936,7707,6669,0
2937,4479,8759,0
2938,3097,2781,0
2939,6370,8724,0
2940,5631,929,0
2941,8332,6204,0
2942,7598,9744,0
2943,798,9214,0
2944,8208,4180,0
2945,4265,3994,0
2946,1323,7467,0
2947,3868,2783,0
2948,9127,6047,0
2949,4130,912,0
2950,5255,576,0
2951,6855,858,0
2952,9776,7350,0
2953,2747,6335,0
2954,3912,2252,0
2955,2949,4855,0
2956,708,5767,0
2957,797,8732,0
2958,8513,8939,0
2959,9147,5688,0
2960,9263,6288,0
2961,9970,5830,0
2962,2166,4942,0
2963,99,6881,0
2964,6370,6220,0
2965,801,4546,0
2966,6631,2781,0
2967,3070,8504,0
2968,4409,2778,0
2969,257,4262,0
2970,459,7782,0
2971,1951,3695,0
2972,1349,4368,0
2973,8237,650,0
2974,8449,8393,0
2975,7146,2210,0
2976,2685,6280,0
2977,1844,7052,0
2978,3803,7107,0
2979,164,7269,0
2980,6940,1028,0
2981,5181,9602,0
2982,962,3236,0
2983,5418,8678,0
2984,9925,2307,0
2985,6580,9370,0
2986,7756,7391,0
2987,259,2075,0
2988,5922,9732,0
2989,8824,3679,0
2990,6382,8256,0
2991,6998,5044,0
2992,1377,6090,0
2993,7891,6871,0
2994,9555,7528,0
2995,5420,357,0
2996,1102,8437,0
2997,2761,3094,0
2998,6869,9534,0
2999,5520,4122,0
3000,5044,5646,0
3001,1618,4682,0
3002,2322,5865,0
3003,1934,6594,0
3004,7986,8301,0
3005,7005,7188,0
3006,879,746,0
3007,7005,3917,0
3008,5104,46,0
3009,8767,465,0
3010,1344,502,0
3011,7317,6116,0
3012,6540,3161,0
3013,9655,4384,0
3014,6901,7610,0
3015,7095,7780,0
3016,8146,4577,0
3017,6182,5974,0
3018,7031,9813,0
3019,4419,9413,0
3020,9320,1117,0
3021,8236,1407,0
3022,3397,9941,0
3023,9145,7047,0
3024,9656,3370,0
3025,3469,357,0
3026,6913,3249,0
3027,3816,5019,0
3028,4563,9905,0
3029,200,2911,0
3030,4990,8985,0
3031,6813,2998,0
3032,9091,4563,0
3033,6370,6625,0
3034,8803,8721,0
3035,9325,30,0
3036,4988,9835,0
3037,5405,3428,0
3038,920,5058,0
3039,5260,2401,0
3040,206,6274,0
3041,7355,7107,0
3042,5823,3021,0
3043,6264,4945,0
3044,6000,1575,0
3045,9977,8034,0
3046,4484,8899,0
3047,6979,4799,0
3048,3553,7911,0
3049,1752,1179,0
3050,2978,6934,0
3051,7519,2941,0
3052,9570,1661,0
3053,9721,4858,0
3054,4387,3363,0
3055,8684,4663,0
3056,7200,6528,0
3057,8354,3162,0
3058,6847,1104,0
3059,8,1676,0
3060,3910,5297,0
3061,6731,1186,0
3062,5904,268,0
3063,4344,138,0
3064,1589,6326,0
3065,8945,9424,0
3066,2603,6400,0
3067,6742,5708,0
3068,5682,6259,0
3069,6547,1512,0
3070,5797,9864,0
3071,2867,7911,0
3072,5334,2908,0
3073,8534,6119,0
3074,1530,6442,0
3075,6015,7032,0
3076,8397,903,0
3077,895,2727,0
3078,6606,1001,0
3079,4508,7363,0
3080,6493,3098,0
3081,4310,7241,0
3082,8192,4083,0
3083,7337,242,0
3084,2360,6556,0
3085,4606,3269,0
3086,7861,941,0
3087,445,2435,0
3088,2743,2024,0
3089,7544,8203,0
3090,1325,4888,0
3091,273,6981,0
3092,3260,3952,0
3093,2782,8853,0
3094,9526,6702,0
3095,6809,5636,0
3096,8470,2092,0
3097,9584,973,0
3098,3893,2047,0
3099,8306,4785,0
3100,2540,9486,0
3101,6370,1905,0
3102,4078,6271,0
3103,554,5457,0
3104,7384,9325,0
3105,1694,6914,0
3106,9209,275,0
3107,8504,6576,0
3108,4111,6076,0
3109,2792,1145,0
3110,3317,6017,0
3111,1913,1458,0
3112,7878,8314,0
3113,1235,3827,0
3114,4599,3685,0
3115,1576,5403,0
3116,9786,3113,0
3117,9719,5773,0
3118,5258,2806,0
3119,8233,4956,0
3120,2324,8199,0
3121,5933,8327,0
3122,7893,645,0
3123,7000,7105,0
3124,1538,4969,0
3125,9074,3690,0
3126,4086,6669,0
3127,7931,4691,0
3128,7263,2686,0
3129,3293,9143,0
3130,8327,2434,0
3131,2842,9592,0
3132,6935,1192,0
3133,8428,7829,0
3134,2845,2751,0
3135,4004,697,0
3136,2922,5367,0
3137,4898,8622,0
3138,4076,4761,0
3139,8725,5037,0
3140,5608,6554,0
3141,1208,2449,0
3142,6806,6422,0
3143,3851,7261,0
3144,1405,1118,0
3145,7336,1082,0
3146,7697,1181,0
3147,8726,3650,0
3148,9433,9675,0
3149,5476,6429,0
3150,699,9682,0
3151,845,8190,0
3152,4319,7995,0
3153,2756,563,0
3154,2954,9301,0
3155,3847,1589,0
3156,3938,803,0
3157,5107,7657,0
3158,3365,3419,0
3159,6446,5593,0
3160,5577,1406,0
3161,9290,6187,0
3162,2942,2601,0
3163,9355,2147,0
3164,4711,196,0
3165,8730,9755,0
3166,2549,7814,0
3167,4494,9725,0
3168,9748,4652,0
3169,2626,6764,0
3170,4744,2003,0
3171,258,8950,0
3172,6722,7578,0
3173,2065,9527,0
3174,9459,1658,0
3175,9954,9992,0
3176,1807,7080,0
3177,346,9035,0
3178,5621,9940,0
3179,1768,4936,0
3180,4986,4227,0
3181,6932,3521,0
3182,758,6626,0
3183,2626,6840,0
3184,9951,6466,0
3185,2137,7334,0
3186,4156,2423,0
3187,6876,6625,0
3188,7117,67,0
3189,4387,2264,0
3190,7741,7001,0
3191,2663,6476,0
3192,1955,9295,0
3193,899,1215,0
3194,9576,2780,0
3195,4677,3642,0
3196,3331,7555,0
3197,8691,1686,0
3198,182,2787,0
3199,9399,6833,0
3200,2618,8447,0
3201,247,4773,0
3202,8014,9162,0
3203,3663,9176,0
3204,3,3220,0
3205,9721,2995,0
3206,8702,3788,0
3207,7732,6825,0
3208,3246,197,0
3209,1232,1744,0
3210,7321,9893,0
3211,1951,2299,0
3212,2,1459,0
3213,7626,647,0
3214,1632,6604,0
3215,2180,1462,0
3216,9063,4363,0
3217,3963,3845,0
3218,1787,9293,0
3219,4319,8562,0
3220,1649,116,0
3221,899,3380,0
3222,3073,6380,0
3223,2801,4937,0
3224,3890,7849,0
3225,2234,5887,0
3226,6711,1017,0
3227,1178,9767,0
3228,428,2110,0
3229,5443,4320,0
3230,4030,8257,0
3231,5923,7938,0
3232,8274,472,0
3233,9146,9763,0
3234,4903,2324,0
3235,479,787,0
3236,2164,4712,0
3237,9302,8938,0
3238,8954,3089,0
3239,1951,5108,0
3240,4253,7522,0
3241,4537,2467,0
3242,901,2110,0
3243,38,5258,0
3244,5805,2187,0
3245,9061,9286,0
3246,6576,1043,0
3247,3418,3707,0
3248,5862,2856,0
3249,8011,2843,0
3250,5178,9466,0
3251,4914,431,0
3252,3317,6462,0
3253,6227,7088,0
3254,5255,946,0
3255,9050,8267,0
3256,6615,4530,0
3257,1547,8473,0
3258,8923,3781,0
3259,247,5330,0
3260,8455,8802,0
3261,5972,8088,0
3262,9290,935,0
3263,1231,9042,0
3264,8873,5953,0
3265,5751,108,0
3266,2938,8081,0
3267,7076,9028,0
3268,7125,9132,0
3269,7553,7616,0
3270,2328,308,0
3271,1664,9884,0
3272,5684,5780,0
3273,2252,3596,0
3274,6293,7982,0
3275,3039,2263,0
3276,3062,4556,0
3277,8573,1616,0
3278,4713,5617,0
3279,5663,8305,0
3280,9533,9447,0
3281,1317,4103,0
3282,5190,2281,0
3283,4479,8645,0
3284,7260,6308,0
3285,6931,2821,0
3286,5470,941,0
3287,7967,7528,0
3288,6073,9797,0
3289,9956,1305,0
3290,2484,4321,0
3291,7484,8288,0
3292,1679,8959,0
3293,7354,5785,0
3294,6399,6537,0
3295,2134,5172,0
3296,6543,6076,0
3297,8824,966,0
3298,9247,6908,0
3299,9075,743,0
3300,7138,9403,0
3301,1956,9482,0
3302,2635,9451,0
3303,3156,4256,0
3304,6378,2253,0
3305,6712,2484,0
3306,631,2495,0
3307,5816,9152,0
3308,8952,4949,0
3309,260,6062,0
3310,1786,571,0
3311,3113,3641,0
3312,1892,8140,0
3313,7830,550,0
3314,134,7991,0
3315,8559,7603,0
3316,8565,8674,0
3317,9232,3086,0
3318,870,2912,0
3319,1811,2240,0
3320,173,8569,0
3321,1139,8827,0
3322,8148,5188,0
3323,900,733,0
3324,9908,2231,0
3325,8242,7128,0
3326,9716,351,0
3327,2371,446,0
3328,4519,1785,0
3329,3098,4626,0
3330,5711,8081,0
3331,685,2857,0
3332,9547,7465,0
3333,6568,7884,0
3334,4514,8698,0
3335,25,6902,0
3336,736,8561,0
3337,2389,8638,0
3338,7861,253,0
3339,9825,9389,0
3340,5070,4787,0
3341,5086,8323,0
3342,1946,8611,0
3343,9954,4712,0
3344,2897,6210,0
3345,7679,630,0
3346,9634,9339,0
3347,4628,6633,0
3348,3271,6571,0
3349,3416,2310,0
3350,1359,2372,0
3351,8087,4263,0
3352,5405,8257,0
3353,5252,2243,0
3354,6230,8564,0
3355,1217,36,0
3356,284,4195,0
3357,9304,8619,0
3358,8720,2547,0
3359,8255,5505,0
3360,5302,9412,0
3361,5069,1890,0
3362,8100,766,0
3363,444,7428,0
3364,5777,5860,0
3365,5869,1437,0
3366,5930,6533,0
3367,134,2347,0
3368,3938,6783,0
3369,7107,2158,0
3370,7850,9390,0
3371,9268,3983,0
3372,8256,1644,0
3373,6971,6748,0
3374,5928,4088,0
3375,1811,5242,0
3376,6318,987,0
3377,6193,5297,0
3378,5341,4973,0
3379,9812,3367,0
3380,7039,9817,0
3381,2901,1339,0
3382,9061,3313,0
3383,639,4085,0
3384,8483,3626,0
3385,6580,9084,0
3386,9376,4081,0
3387,3360,2949,0
3388,7578,7481,0
3389,7976,7861,0
3390,8984,1204,0
3391,4290,9658,0
3392,9695,5111,0
3393,4695,1929,0
3394,4313,2773,0
3395,6074,8863,0
3396,4637,1096,0
3397,7109,4468,0
3398,8213,6175,0
3399,9872,1574,0
3400,1529,7540,0
3401,2136,6828,0
3402,2558,1807,0
3403,9528,7861,0
3404,8416,8800,0
3405,6268,4318,0
3406,9953,9988,0
3407,869,7753,0
3408,3870,5302,0
3409,5691,8096,0
3410,5630,5169,0
3411,8109,7664,0
3412,3726,4708,0
3413,1894,5858,0
3414,9946,1374,0
3415,7962,874,0
3416,8255,6606,0
3417,310,3464,0
3418,7612,648,0
3419,3593,4111,0
3420,3489,7484,0
3421,5721,5225,0
3422,4598,4652,0
3423,335,7195,0
3424,3233,7910,0
3425,2533,4103,0
3426,4308,6806,0
3427,7861,7093,0
3428,5892,8369,0
3429,7090,903,0
3430,288,3136,0
3431,7052,1009,0
3432,2637,2703,0
3433,4592,7107,0
3434,3105,509,0
3435,817,5982,0
3436,2134,8452,0
3437,5440,5121,0
3438,6907,3554,0
3439,8385,7908,0
3440,3957,6236,0
3441,6291,4756,0
3442,5041,4149,0
3443,3744,5152,0
3444,8782,683,0
3445,6006,2075,0
3446,8519,1409,0
3447,1652,193,0
3448,5276,3628,0
3449,8442,2027,0
3450,8684,6771,0
3451,8477,4401,0
3452,763,9905,0
3453,2618,6098,0
3454,9385,8578,0
3455,3635,6840,0
3456,1368,9552,0
3457,1819,5152,0
3458,7337,9631,0
3459,3784,823,0
3460,2662,5163,0
3461,782,1070,0
3462,7843,6777,0
3463,278,5567,0
3464,984,672,0
3465,1174,5249,0
3466,22,4346,0
3467,6606,7837,0
3468,7380,8228,0
3469,2343,2274,0
3470,6846,729,0
3471,8433,4118,0
3472,5233,8265,0
3473,9727,5161,0
3474,9290,9035,0
3475,2491,5457,0
3476,4190,3904,0
3477,2583,3256,0
3478,4295,8950,0
3479,2056,5020,0
3480,9384,8041,0
3481,360,4701,0
3482,5618,5021,0
3483,7567,6024,0
3484,666,1771,0
3485,4048,7314,0
3486,4866,6040,0
3487,5341,8292,0
3488,1481,9105,0
3489,2844,4503,0
3490,4606,9043,0
3491,9656,3803,0
3492,9783,3857,0
3493,1396,9966,0
3494,4890,9617,0
3495,1738,6318,0
3496,9832,4962,0
3497,3951,3153,0
3498,1228,1082,0
3499,7235,2979,0
3500,9606,6187,0
3501,7930,8151,0
3502,5478,811,0
3503,7235,9640,0
3504,2812,4015,0
3505,2798,5982,0
3506,3865,437,0
3507,6039,6848,0
3508,3304,7530,0
3509,4283,2169,0
3510,2327,2176,0
3511,246,8120,0
3512,8894,5287,0
3513,637,2966,0
3514,6702,410,0
3515,1120,3471,0
3516,8671,3858,0
3517,9313,301,0
3518,3581,6423,0
3519,429,8287,0
3520,2583,9351,0
3521,8770,2749,0
3522,5020,3520,0
3523,9260,1455,0
3524,975,2394,0
3525,296,8318,0
3526,7089,6475,0
3527,7836,3432,0
3528,8693,8827,0
3529,937,2167,0
3530,5777,42,0
3531,2862,8194,0
3532,7957,1604,0
3533,8063,1039,0
3534,8136,3785,0
3535,6933,8277,0
3536,5993,5594,0
3537,2498,4871,0
3538,6938,5005,0
3539,8557,7804,0
3540,8390,7600,0
3541,1139,5305,0
3542,4068,8495,0
3543,4143,7568,0
3544,5937,2668,0
3545,8211,8656,0
3546,6006,6124,0
3547,2589,9158,0
3548,2270,1405,0
3549,1013,6217,0
3550,2633,3386,0
3551,193,107,0
3552,8984,2484,0
3553,3585,3641,0
3554,6460,410,0
3555,3965,2815,0
3556,7808,7670,0
3557,3860,2113,0
3558,2865,2591,0
3559,2871,4223,0
3560,3776,4071,0
3561,9756,7957,0
3562,15,2349,0
3563,7514,9399,0
3564,4426,4046,0
3565,438,4838,0
3566,4486,2923,0
3567,5104,8832,0
3568,2343,1277,0
3569,7801,596,0
3570,8140,9033,0
3571,2931,596,0
3572,9494,605,0
3573,3246,8114,0
3574,7824,6906,0
3575,4992,5879,0
